Movie_ID,Title,Genre,Rating,Release_Year
1,Movie_1,Drama,4.72847312993445,1990
2,Movie_2,Horror,3.2605327343568358,2013
3,Movie_3,Comedy,3.786603295507569,2013
4,Movie_4,Horror,4.689997524709183,2006
5,Movie_5,Horror,3.8289545372535945,1994
6,Movie_6,Sci-Fi,1.6101561716570454,2009
7,Movie_7,Comedy,3.3051534406672527,2010
8,Movie_8,Comedy,3.4268601855314236,2020
9,Movie_9,Comedy,2.696522685209544,2000
10,Movie_10,Horror,3.9457769424988913,2004
11,Movie_11,Drama,4.737468059076059,2008
12,Movie_12,Comedy,4.702274051627105,1996
13,Movie_13,Horror,2.8033574856165284,2017
14,Movie_14,Sci-Fi,1.452952183363021,1994
15,Movie_15,Drama,4.939364795849338,1994
16,Movie_16,Sci-Fi,4.355592345783736,2019
17,Movie_17,Drama,1.4986507248130674,2021
18,Movie_18,Horror,4.683367530469489,1997
19,Movie_19,Action,4.479585448248513,1999
20,Movie_20,Drama,3.0753522285042885,2021
21,Movie_21,Sci-Fi,3.365101742979717,2017
22,Movie_22,Horror,2.596010815480521,2006
23,Movie_23,Drama,1.2190465552881253,2020
24,Movie_24,Action,2.3407889665836037,1997
25,Movie_25,Action,4.211413794392046,2014
26,Movie_26,Comedy,1.0185280920184114,1998
27,Movie_27,Comedy,2.3339966867645767,1991
28,Movie_28,Sci-Fi,2.5926747743637732,2004
29,Movie_29,Drama,3.1495824117516915,1992
30,Movie_30,Drama,4.679422465651042,1993
31,Movie_31,Comedy,2.385383977463845,2003
32,Movie_32,Drama,2.3878128075849108,2014
33,Movie_33,Drama,3.9500049924389935,1999
34,Movie_34,Action,2.8088717635592286,2010
35,Movie_35,Comedy,1.8984192917599279,2001
36,Movie_36,Horror,2.8097580645307736,2016
37,Movie_37,Comedy,1.5634280815191994,1991
38,Movie_38,Horror,1.7055479460248932,2002
39,Movie_39,Action,2.993471090957919,2021
40,Movie_40,Sci-Fi,2.6757017980181916,2020
41,Movie_41,Drama,4.6593836042724,2005
42,Movie_42,Action,2.4495755964665324,2021
43,Movie_43,Drama,3.322353401112174,2021
44,Movie_44,Sci-Fi,3.5290571516781215,2023
45,Movie_45,Sci-Fi,1.0523778263533345,2000
46,Movie_46,Action,3.6541494880668424,1999
47,Movie_47,Sci-Fi,1.7121438674790057,2004
48,Movie_48,Horror,4.84428126987782,2006
49,Movie_49,Sci-Fi,1.5946509110124518,2007
50,Movie_50,Drama,2.658496494908095,1998
51,Movie_51,Drama,1.3413986723145754,2014
52,Movie_52,Drama,4.987497007383789,2003
53,Movie_53,Drama,3.0087800413249703,2014
54,Movie_54,Horror,3.381540069280175,2011
55,Movie_55,Comedy,1.26830590955371,2019
56,Movie_56,Action,3.999841881596711,2009
57,Movie_57,Drama,1.839622372382343,2010
58,Movie_58,Sci-Fi,4.592217157762855,2021
59,Movie_59,Drama,1.8205585619280287,2010
60,Movie_60,Sci-Fi,1.7627508826546663,2021
61,Movie_61,Sci-Fi,1.1461986713923795,2019
62,Movie_62,Drama,2.888267780439997,2001
63,Movie_63,Horror,3.2593645330504657,2007
64,Movie_64,Sci-Fi,1.2628345577134095,2010
65,Movie_65,Sci-Fi,4.102110466780042,2002
66,Movie_66,Drama,2.8131553389921105,2010
67,Movie_67,Sci-Fi,3.09756107731032,1997
68,Movie_68,Sci-Fi,2.7630509877529126,1996
69,Movie_69,Drama,2.603052243501304,2012
70,Movie_70,Drama,3.2385613252328715,2021
71,Movie_71,Action,1.62096098372285,2000
72,Movie_72,Horror,1.7277125219810845,2011
73,Movie_73,Horror,4.447142484054069,2011
74,Movie_74,Sci-Fi,4.784461848534531,2014
75,Movie_75,Horror,2.493237265119012,2011
76,Movie_76,Sci-Fi,2.082978692574215,2017
77,Movie_77,Action,3.575998172956063,2018
78,Movie_78,Drama,2.6349366843923856,2002
79,Movie_79,Drama,1.1015454226413794,2007
80,Movie_80,Drama,1.6246103894647614,1991
81,Movie_81,Horror,3.86388891538959,2018
82,Movie_82,Action,3.6356957676406054,2010
83,Movie_83,Horror,1.108383970013934,2004
84,Movie_84,Horror,1.8878886477317978,2016
85,Movie_85,Action,1.9242991863522856,2020
86,Movie_86,Action,3.6875709743949137,2004
87,Movie_87,Action,1.0788421510174566,2012
88,Movie_88,Action,1.4164343279382954,2013
89,Movie_89,Drama,4.199664341492758,2002
90,Movie_90,Comedy,1.7141786482173345,2011
91,Movie_91,Comedy,3.610984431407499,2022
92,Movie_92,Action,1.952731124186906,1992
93,Movie_93,Comedy,1.3977655710373806,2008
94,Movie_94,Comedy,1.9726887639978163,2012
95,Movie_95,Action,3.8890677274226366,2018
96,Movie_96,Comedy,4.422785872425143,2019
97,Movie_97,Horror,4.320879458267966,2014
98,Movie_98,Sci-Fi,2.5887341184738193,1997
99,Movie_99,Sci-Fi,3.6723405462825847,2005
100,Movie_100,Action,1.8199371816632839,1997
101,Movie_101,Drama,2.172590921044053,1990
102,Movie_102,Action,4.5853432740844795,1994
103,Movie_103,Drama,1.0520076940429441,1992
104,Movie_104,Sci-Fi,1.3420341234178723,1990
105,Movie_105,Action,1.8315450205841093,1993
106,Movie_106,Horror,1.1061288154952789,2021
107,Movie_107,Comedy,1.7257417403591893,2023
108,Movie_108,Drama,3.3321662438787687,2014
109,Movie_109,Comedy,2.685698202369992,1999
110,Movie_110,Comedy,4.570686844307899,2010
111,Movie_111,Action,4.269774246953764,2016
112,Movie_112,Comedy,2.367269406791504,2016
113,Movie_113,Horror,2.03769373372517,1991
114,Movie_114,Comedy,2.5187696326690676,2002
115,Movie_115,Action,3.361179770059231,1998
116,Movie_116,Horror,2.072254563291505,2011
117,Movie_117,Sci-Fi,3.496595631396536,2015
118,Movie_118,Comedy,2.6376466087649617,2001
119,Movie_119,Action,3.208188723407921,2006
120,Movie_120,Sci-Fi,2.7445061165412667,2003
121,Movie_121,Sci-Fi,2.1778630381676707,2003
122,Movie_122,Drama,4.793813227848627,2023
123,Movie_123,Horror,4.054423176639043,2009
124,Movie_124,Comedy,1.5604527030658102,2000
125,Movie_125,Action,4.473871903591651,2005
126,Movie_126,Drama,2.9497247929980546,2020
127,Movie_127,Horror,4.578208907576366,1995
128,Movie_128,Drama,4.199421023789261,2008
129,Movie_129,Horror,2.700854017876934,1993
130,Movie_130,Horror,1.0898772332804696,1993
131,Movie_131,Comedy,2.0747094375397843,2009
132,Movie_132,Horror,3.1665368586434677,1999
133,Movie_133,Drama,3.533912879304589,2013
134,Movie_134,Horror,2.031550741732809,2015
135,Movie_135,Comedy,1.5574242962912965,2010
136,Movie_136,Comedy,4.339720947197197,2010
137,Movie_137,Drama,4.9376087228142085,1999
138,Movie_138,Sci-Fi,3.1027607292107433,1993
139,Movie_139,Sci-Fi,1.686717143393214,2009
140,Movie_140,Horror,2.089229306077476,2006
141,Movie_141,Action,1.073562706189867,1996
142,Movie_142,Horror,4.657195226241996,1993
143,Movie_143,Drama,1.4710043315605645,2018
144,Movie_144,Drama,3.3060659020570142,2003
145,Movie_145,Drama,2.096220882748824,1992
146,Movie_146,Drama,3.2167120100631736,2013
147,Movie_147,Drama,3.605681553407457,2005
148,Movie_148,Comedy,4.318967214828806,1993
149,Movie_149,Sci-Fi,1.8256850870424128,2013
150,Movie_150,Drama,1.043983314633922,2023
151,Movie_151,Action,1.547542520275229,2019
152,Movie_152,Action,4.60007456739242,2007
153,Movie_153,Action,4.495560310250061,2008
154,Movie_154,Action,3.389652408681233,2020
155,Movie_155,Comedy,3.4020674417346135,2008
156,Movie_156,Action,3.660146698185022,2008
157,Movie_157,Drama,1.7014851144937984,2011
158,Movie_158,Horror,4.657647783699839,2013
159,Movie_159,Action,2.6750820995682925,2001
160,Movie_160,Comedy,2.53255411299799,2019
161,Movie_161,Comedy,3.07567082113135,2020
162,Movie_162,Action,1.1878638671002202,2008
163,Movie_163,Horror,1.6651334750243176,2019
164,Movie_164,Action,3.9521344657054818,2022
165,Movie_165,Comedy,1.3311946717005059,2007
166,Movie_166,Sci-Fi,3.412608437865553,2017
167,Movie_167,Drama,1.9813964387252838,2000
168,Movie_168,Comedy,2.557182456167906,2022
169,Movie_169,Action,2.1547749470827995,2006
170,Movie_170,Drama,2.4226908658597965,1995
171,Movie_171,Action,3.876183620736982,1993
172,Movie_172,Action,2.1884868624927,2009
173,Movie_173,Sci-Fi,3.2656185611875888,2016
174,Movie_174,Drama,2.9042016087963987,2004
175,Movie_175,Drama,3.6546846614505926,1995
176,Movie_176,Sci-Fi,4.747318957299032,2003
177,Movie_177,Comedy,3.930288388841001,2000
178,Movie_178,Action,1.859761514363027,1998
179,Movie_179,Horror,1.1247325402451387,2015
180,Movie_180,Action,2.0490561771993003,2005
181,Movie_181,Action,3.3803117228010193,1994
182,Movie_182,Comedy,1.2057032539370014,1999
183,Movie_183,Action,2.9854649888049454,1992
184,Movie_184,Sci-Fi,3.387371395667557,2002
185,Movie_185,Sci-Fi,2.3369755632678433,2019
186,Movie_186,Drama,4.083648814983288,1995
187,Movie_187,Horror,1.4263930125350872,2006
188,Movie_188,Action,1.300551126943235,2008
189,Movie_189,Action,3.9127550248144134,2015
190,Movie_190,Comedy,2.981965264824794,1994
191,Movie_191,Sci-Fi,3.753609585710944,2018
192,Movie_192,Horror,2.739309354414985,2009
193,Movie_193,Drama,1.9856081329564272,2010
194,Movie_194,Sci-Fi,4.276409270696799,1999
195,Movie_195,Drama,4.197663515875917,1994
196,Movie_196,Comedy,3.778785883417707,1995
197,Movie_197,Comedy,2.088580548919851,2015
198,Movie_198,Action,3.3609226674763484,1993
199,Movie_199,Horror,2.443895587760107,1990
200,Movie_200,Drama,1.3663282933065366,2013
201,Movie_201,Sci-Fi,4.669254301848971,1995
202,Movie_202,Comedy,1.5472745236758456,2020
203,Movie_203,Action,4.80094941528321,2009
204,Movie_204,Action,2.784023091831823,2013
205,Movie_205,Drama,1.7405317153544786,2014
206,Movie_206,Comedy,3.1676037895134326,2010
207,Movie_207,Horror,4.491783343505633,2019
208,Movie_208,Comedy,3.9288995456382447,2013
209,Movie_209,Drama,4.2262445914457984,2019
210,Movie_210,Drama,3.6351334668428694,2011
211,Movie_211,Comedy,3.76910625807141,2017
212,Movie_212,Drama,4.396782606261278,1996
213,Movie_213,Comedy,1.9986720354367438,2017
214,Movie_214,Sci-Fi,2.957699854572562,2003
215,Movie_215,Comedy,1.884837767278409,1999
216,Movie_216,Comedy,4.9506720319865885,2005
217,Movie_217,Drama,4.776237358746453,2005
218,Movie_218,Drama,1.1577072454740236,2020
219,Movie_219,Action,3.822300690062754,2014
220,Movie_220,Action,4.700993269662663,2002
221,Movie_221,Sci-Fi,1.7223013805093341,1995
222,Movie_222,Action,3.271780922210518,1998
223,Movie_223,Comedy,4.661953190352167,2009
224,Movie_224,Drama,1.1357839143431954,2007
225,Movie_225,Action,3.7896810689873597,2010
226,Movie_226,Action,2.189396029490203,1993
227,Movie_227,Sci-Fi,4.697584781506121,2022
228,Movie_228,Sci-Fi,4.884232980661471,2016
229,Movie_229,Comedy,4.777065956453736,1996
230,Movie_230,Drama,2.896856866629855,1995
231,Movie_231,Sci-Fi,4.448170603957253,2004
232,Movie_232,Action,4.378197594140282,2007
233,Movie_233,Drama,2.2764018929730225,2021
234,Movie_234,Drama,4.315661896602709,2000
235,Movie_235,Action,1.1480305388619705,2009
236,Movie_236,Sci-Fi,3.385079513928212,2013
237,Movie_237,Action,1.9200353491508122,2004
238,Movie_238,Drama,1.4822675431091152,1996
239,Movie_239,Horror,1.3078128065168366,2010
240,Movie_240,Horror,3.785155103512559,2015
241,Movie_241,Comedy,2.3594998550722646,2003
242,Movie_242,Action,3.899067086115046,2010
243,Movie_243,Action,1.2614253631957695,2007
244,Movie_244,Comedy,2.2611613513224413,1994
245,Movie_245,Comedy,3.157965169501349,1992
246,Movie_246,Comedy,4.162892659355855,2012
247,Movie_247,Drama,2.2750100117282797,2015
248,Movie_248,Action,3.5035655057480364,2013
249,Movie_249,Drama,4.543910992944749,2008
250,Movie_250,Comedy,3.4634527527292183,2014
251,Movie_251,Action,1.931837899014535,2010
252,Movie_252,Drama,1.097603126226152,2001
253,Movie_253,Drama,4.4803954956037195,2022
254,Movie_254,Comedy,1.0850776434015486,1993
255,Movie_255,Action,4.498806690736798,1996
256,Movie_256,Comedy,3.115748536108848,2011
257,Movie_257,Action,4.756270794051584,2022
258,Movie_258,Horror,4.195132943094661,2006
259,Movie_259,Sci-Fi,4.99173644213335,2013
260,Movie_260,Sci-Fi,2.4028472618068406,2023
261,Movie_261,Sci-Fi,4.068753155724508,2017
262,Movie_262,Comedy,2.6077236544369686,2011
263,Movie_263,Horror,2.9195024812156354,2006
264,Movie_264,Action,3.5100218528734803,2023
265,Movie_265,Drama,4.4947084567453555,1995
266,Movie_266,Action,4.93633387679718,1995
267,Movie_267,Drama,4.073093655458073,2023
268,Movie_268,Action,2.671067128669335,1990
269,Movie_269,Horror,2.6854280091082807,1999
270,Movie_270,Drama,3.950329206355566,2010
271,Movie_271,Comedy,1.9551085830732093,1994
272,Movie_272,Action,1.4418964525255786,1991
273,Movie_273,Action,2.418488630563106,2011
274,Movie_274,Drama,2.148955966616327,1991
275,Movie_275,Comedy,2.1852324818239603,1999
276,Movie_276,Comedy,1.9344310041996398,2023
277,Movie_277,Horror,1.1683727585454475,2005
278,Movie_278,Comedy,1.0714957389336552,2011
279,Movie_279,Comedy,4.950889558944127,2001
280,Movie_280,Comedy,2.7110925349434494,2013
281,Movie_281,Sci-Fi,2.5373065886387267,1999
282,Movie_282,Horror,3.7185891307722794,2021
283,Movie_283,Action,1.8730155514602567,1996
284,Movie_284,Drama,4.799844735800901,2010
285,Movie_285,Action,4.145380057662209,2009
286,Movie_286,Horror,1.357644009249038,2015
287,Movie_287,Drama,2.6703231031397134,1993
288,Movie_288,Horror,4.516473230248659,2011
289,Movie_289,Comedy,4.778928089165641,2004
290,Movie_290,Drama,2.869606044999479,2010
291,Movie_291,Comedy,3.453645556842831,2004
292,Movie_292,Action,1.668135784368301,2011
293,Movie_293,Action,4.964674504547906,2017
294,Movie_294,Drama,1.9266868055337736,2003
295,Movie_295,Drama,4.770927096540502,2016
296,Movie_296,Horror,3.598586595969474,2017
297,Movie_297,Horror,3.4309471795154365,2015
298,Movie_298,Comedy,3.0507540440660343,1991
299,Movie_299,Drama,1.9226792468710348,2014
300,Movie_300,Action,1.706112128022033,1992
301,Movie_301,Horror,1.8819448362807014,1997
302,Movie_302,Horror,1.745753048577018,2022
303,Movie_303,Action,4.118337894267013,1995
304,Movie_304,Horror,2.4005010366669204,2012
305,Movie_305,Comedy,1.2313707062535855,2014
306,Movie_306,Drama,4.876410520563246,2008
307,Movie_307,Action,4.535143539853703,1994
308,Movie_308,Drama,4.711009132780852,2000
309,Movie_309,Horror,4.979631290585742,2001
310,Movie_310,Horror,1.6955809968779492,1999
311,Movie_311,Action,2.584968075610635,1997
312,Movie_312,Comedy,4.032953902816365,2013
313,Movie_313,Sci-Fi,3.784082472215169,2017
314,Movie_314,Action,1.6155836253594202,2010
315,Movie_315,Sci-Fi,4.2633324999624715,1997
316,Movie_316,Sci-Fi,1.8977622873466427,1998
317,Movie_317,Comedy,1.8952704592904923,2004
318,Movie_318,Sci-Fi,3.1478976915736543,2007
319,Movie_319,Sci-Fi,3.3717597393668126,2009
320,Movie_320,Comedy,3.3203448313512447,1995
321,Movie_321,Sci-Fi,1.3659473495910195,2001
322,Movie_322,Sci-Fi,4.5098434505215215,1991
323,Movie_323,Sci-Fi,2.0624001703548243,1996
324,Movie_324,Action,1.5180596851312167,2005
325,Movie_325,Action,4.554992319475909,1992
326,Movie_326,Action,4.822605992919014,1992
327,Movie_327,Comedy,4.4485104690618025,2016
328,Movie_328,Horror,4.238064298899513,2022
329,Movie_329,Sci-Fi,3.620967922556087,2017
330,Movie_330,Sci-Fi,3.2034294824365572,1990
331,Movie_331,Comedy,1.3479470396456406,1997
332,Movie_332,Sci-Fi,2.633812852282795,2021
333,Movie_333,Action,2.490754068049256,1993
334,Movie_334,Horror,2.039015135041305,2019
335,Movie_335,Drama,3.8936804547543398,1995
336,Movie_336,Sci-Fi,2.9835029403150832,2008
337,Movie_337,Action,1.3241848636305917,2021
338,Movie_338,Drama,1.8807328077992453,1998
339,Movie_339,Horror,3.7330350546383837,2001
340,Movie_340,Drama,1.3045234379612007,2000
341,Movie_341,Action,4.404827656195074,2005
342,Movie_342,Drama,2.9805861080558973,1990
343,Movie_343,Comedy,2.922346309306592,2010
344,Movie_344,Drama,3.3696311386380704,2019
345,Movie_345,Sci-Fi,4.298723863700596,2002
346,Movie_346,Sci-Fi,2.391236831608772,2023
347,Movie_347,Comedy,3.7120646102362542,1993
348,Movie_348,Action,3.2629278559831643,2017
349,Movie_349,Sci-Fi,2.0681130806776853,2020
350,Movie_350,Horror,4.514519945420632,2016
351,Movie_351,Sci-Fi,4.189704086427712,1994
352,Movie_352,Sci-Fi,3.633807338633702,2014
353,Movie_353,Action,4.402326916376968,1992
354,Movie_354,Drama,4.4691768038392095,2022
355,Movie_355,Sci-Fi,3.833451906860139,1993
356,Movie_356,Comedy,4.348053313454688,2014
357,Movie_357,Drama,3.7898858466771346,2009
358,Movie_358,Horror,3.7205630870412016,2023
359,Movie_359,Action,3.474445512860737,2015
360,Movie_360,Horror,4.010866558230565,1994
361,Movie_361,Drama,1.6344204211722948,2017
362,Movie_362,Drama,4.523483036795714,2018
363,Movie_363,Drama,4.487374110980928,1998
364,Movie_364,Horror,1.1169891321382366,1995
365,Movie_365,Drama,4.303267002259051,2008
366,Movie_366,Horror,1.5154794698937808,2000
367,Movie_367,Drama,2.3404754170365676,1991
368,Movie_368,Comedy,3.974033025166431,1998
369,Movie_369,Drama,1.6430395841932328,2010
370,Movie_370,Horror,4.271868096476249,2013
371,Movie_371,Sci-Fi,4.328536711830967,2023
372,Movie_372,Drama,3.029870935043345,2011
373,Movie_373,Sci-Fi,1.0255434868673343,1992
374,Movie_374,Comedy,2.148152532699651,2001
375,Movie_375,Action,3.467707673502969,2017
376,Movie_376,Comedy,4.924744712109694,2019
377,Movie_377,Drama,3.5272541080666735,2015
378,Movie_378,Sci-Fi,2.039214324256639,2010
379,Movie_379,Sci-Fi,3.5360228123984454,2017
380,Movie_380,Horror,3.159941518863422,2015
381,Movie_381,Sci-Fi,4.119381580604575,2022
382,Movie_382,Horror,1.4279225553078336,2010
383,Movie_383,Action,4.0441116100081125,2023
384,Movie_384,Drama,3.165066314704441,2007
385,Movie_385,Horror,4.851968015435979,2000
386,Movie_386,Action,2.3674886641547443,2012
387,Movie_387,Sci-Fi,3.5304875725357925,2011
388,Movie_388,Sci-Fi,4.72811242204007,2006
389,Movie_389,Action,1.410038911962717,1994
390,Movie_390,Sci-Fi,4.7489139489458045,2000
391,Movie_391,Action,3.7515428892032534,2019
392,Movie_392,Horror,1.2713482364206876,2004
393,Movie_393,Horror,2.203854267787265,2016
394,Movie_394,Action,3.8326883545811263,2022
395,Movie_395,Horror,1.2694024058750868,2009
396,Movie_396,Horror,3.328681840705093,2005
397,Movie_397,Horror,2.383532227811827,2023
398,Movie_398,Comedy,3.4836620710699084,1991
399,Movie_399,Drama,1.1829681352500514,2017
400,Movie_400,Sci-Fi,4.486147224609505,1995
401,Movie_401,Comedy,4.893955876709588,1998
402,Movie_402,Horror,4.875511421142766,2009
403,Movie_403,Action,3.998607326971699,1990
404,Movie_404,Horror,1.5203449605225279,1997
405,Movie_405,Drama,4.033052783716091,2012
406,Movie_406,Horror,1.098347665835206,1992
407,Movie_407,Action,1.088494206115989,1993
408,Movie_408,Drama,2.294440876598165,2014
409,Movie_409,Horror,2.954572761618663,2004
410,Movie_410,Drama,4.081629671231173,2010
411,Movie_411,Sci-Fi,3.7331815064260208,2003
412,Movie_412,Sci-Fi,2.7836108255069933,2001
413,Movie_413,Horror,2.0945066651266635,2006
414,Movie_414,Drama,4.988498000630845,1998
415,Movie_415,Action,2.704725208943892,2002
416,Movie_416,Horror,2.805548097318702,2004
417,Movie_417,Sci-Fi,1.6544952847666767,2007
418,Movie_418,Sci-Fi,4.1792381949997175,2022
419,Movie_419,Horror,3.7747289031259545,1995
420,Movie_420,Drama,1.8830784511550416,2016
421,Movie_421,Sci-Fi,1.3295241824633708,2012
422,Movie_422,Drama,3.7219972082988524,2016
423,Movie_423,Sci-Fi,3.618044857124541,2023
424,Movie_424,Sci-Fi,2.0930381079928373,2003
425,Movie_425,Comedy,4.803454249001641,1997
426,Movie_426,Sci-Fi,1.604231567123601,2008
427,Movie_427,Action,2.7293392041704077,2019
428,Movie_428,Horror,4.7744636806703955,2003
429,Movie_429,Horror,2.6789092677044892,2009
430,Movie_430,Drama,3.554103790656342,2014
431,Movie_431,Sci-Fi,2.590377591851177,2013
432,Movie_432,Action,2.09686080939468,2003
433,Movie_433,Drama,4.935910591839313,2015
434,Movie_434,Comedy,2.637336025260172,2012
435,Movie_435,Drama,4.576396814716538,2011
436,Movie_436,Drama,1.9198184235643447,2008
437,Movie_437,Sci-Fi,1.8524188161003332,1992
438,Movie_438,Comedy,1.1245363315380454,2008
439,Movie_439,Drama,3.60666730150354,1998
440,Movie_440,Action,2.4741053748950446,2017
441,Movie_441,Action,4.457432999358549,2009
442,Movie_442,Horror,2.8928396267662286,1996
443,Movie_443,Comedy,4.872773711658887,2003
444,Movie_444,Comedy,1.7421020628124846,1998
445,Movie_445,Horror,4.474492671822443,2008
446,Movie_446,Drama,4.106387411166967,2003
447,Movie_447,Comedy,4.083687378576208,2006
448,Movie_448,Action,4.379132912467551,2019
449,Movie_449,Action,4.044095963771996,1998
450,Movie_450,Sci-Fi,3.5048812865256616,2022
451,Movie_451,Comedy,1.5249795107295503,2014
452,Movie_452,Drama,1.1301047179650077,2003
453,Movie_453,Horror,4.683391391262747,2000
454,Movie_454,Horror,3.466601258082952,2003
455,Movie_455,Drama,4.186149163904705,2019
456,Movie_456,Sci-Fi,2.9260894060502003,1993
457,Movie_457,Horror,1.469232755849578,1993
458,Movie_458,Comedy,1.5007431688102018,2017
459,Movie_459,Sci-Fi,3.7422611489158855,1997
460,Movie_460,Comedy,2.7212235795978508,1991
461,Movie_461,Action,1.8020989068013469,2011
462,Movie_462,Sci-Fi,2.9663781869657475,2005
463,Movie_463,Horror,1.2568357483005363,2018
464,Movie_464,Sci-Fi,3.327885607657595,2019
465,Movie_465,Sci-Fi,2.0759736177403907,2001
466,Movie_466,Sci-Fi,4.190236402548752,2000
467,Movie_467,Sci-Fi,2.241447835694295,2010
468,Movie_468,Comedy,2.820880596327205,2010
469,Movie_469,Action,1.0464821596324025,1994
470,Movie_470,Drama,1.2897875511782355,2009
471,Movie_471,Sci-Fi,2.5699742256267393,1992
472,Movie_472,Horror,2.919755338868494,2022
473,Movie_473,Sci-Fi,3.400082192477215,1998
474,Movie_474,Horror,2.166650314837213,1998
475,Movie_475,Comedy,3.77992754450617,1993
476,Movie_476,Horror,4.440489588756819,2006
477,Movie_477,Drama,4.119403955573399,2023
478,Movie_478,Action,1.1584753013934286,2013
479,Movie_479,Horror,2.9220277890313158,2021
480,Movie_480,Horror,1.4197207136726995,1990
481,Movie_481,Action,1.9681800634501099,1997
482,Movie_482,Drama,4.946650373068586,2012
483,Movie_483,Sci-Fi,1.569982171606053,2001
484,Movie_484,Horror,2.9955526138054243,2001
485,Movie_485,Action,3.4726229372724764,2004
486,Movie_486,Comedy,3.809859882176416,2008
487,Movie_487,Action,3.2385947339476564,2015
488,Movie_488,Comedy,1.0390833896767346,2018
489,Movie_489,Drama,2.3058452329759676,2011
490,Movie_490,Sci-Fi,3.0708465735388457,2010
491,Movie_491,Action,1.3514659965793334,2009
492,Movie_492,Horror,2.402507724836723,2018
493,Movie_493,Drama,1.1328124351654663,1993
494,Movie_494,Action,1.314313988620083,1996
495,Movie_495,Horror,2.5876931048063843,2017
496,Movie_496,Action,1.5308630161722414,2017
497,Movie_497,Comedy,3.2701633930462326,1993
498,Movie_498,Action,3.757859876549063,2011
499,Movie_499,Action,4.2023467964363315,2001
500,Movie_500,Action,1.8006009769792404,1992
501,Movie_501,Drama,1.669930329036279,2011
502,Movie_502,Action,1.418271361337601,1991
503,Movie_503,Horror,3.545720998174547,2013
504,Movie_504,Comedy,3.8259029059476046,2023
505,Movie_505,Comedy,1.1263445793025681,2016
506,Movie_506,Action,4.744848984974759,1990
507,Movie_507,Drama,1.2078851346058896,1997
508,Movie_508,Drama,3.165185341204282,2012
509,Movie_509,Horror,3.8362420778036657,1995
510,Movie_510,Action,4.483876494984342,2011
511,Movie_511,Comedy,3.856347728529711,2014
512,Movie_512,Drama,4.206912332279167,2007
513,Movie_513,Action,2.3578007701712242,2006
514,Movie_514,Drama,4.2593004549860485,2001
515,Movie_515,Drama,1.3204593855387006,1995
516,Movie_516,Comedy,4.579266624242111,2015
517,Movie_517,Sci-Fi,3.190369504614945,2016
518,Movie_518,Horror,4.269191079849975,1997
519,Movie_519,Horror,2.8092731380732006,2008
520,Movie_520,Comedy,3.5743107807861,1990
521,Movie_521,Drama,3.105610643744453,2018
522,Movie_522,Action,3.9263580870213275,2003
523,Movie_523,Drama,1.3265199281223583,2009
524,Movie_524,Comedy,1.2414083359622552,2002
525,Movie_525,Horror,1.9884129360405858,1997
526,Movie_526,Drama,1.6381787204527534,2009
527,Movie_527,Horror,4.487134266368807,2022
528,Movie_528,Action,1.8768559494321773,2015
529,Movie_529,Horror,4.903461023276526,2010
530,Movie_530,Horror,2.3475831670844274,1998
531,Movie_531,Sci-Fi,1.7284716627547971,2013
532,Movie_532,Sci-Fi,4.1587940285699165,2006
533,Movie_533,Sci-Fi,3.6348311020035045,2013
534,Movie_534,Horror,2.992782865812556,2010
535,Movie_535,Comedy,3.221454203750525,2002
536,Movie_536,Horror,3.8768071130890553,2000
537,Movie_537,Comedy,1.913818965325195,2008
538,Movie_538,Comedy,4.985335664226968,2000
539,Movie_539,Sci-Fi,4.8991726485871325,2002
540,Movie_540,Drama,3.6013027453877475,1990
541,Movie_541,Action,1.7981698037165805,2008
542,Movie_542,Sci-Fi,3.7209129697251653,2001
543,Movie_543,Sci-Fi,1.2887936359167034,1997
544,Movie_544,Drama,1.1226100088232243,1997
545,Movie_545,Action,2.0307315540448547,2001
546,Movie_546,Horror,2.850491826957265,2022
547,Movie_547,Horror,4.4730900216335225,2015
548,Movie_548,Sci-Fi,3.908676279065232,2017
549,Movie_549,Action,3.970826084799924,1994
550,Movie_550,Sci-Fi,2.7019733377923014,1997
551,Movie_551,Comedy,2.3837399701878517,2014
552,Movie_552,Sci-Fi,2.484155051938411,2016
553,Movie_553,Sci-Fi,4.950598254944231,2012
554,Movie_554,Horror,1.16043676564993,2019
555,Movie_555,Horror,4.468125984489794,2012
556,Movie_556,Horror,3.3147016342895737,2009
557,Movie_557,Comedy,2.754461676758362,2007
558,Movie_558,Horror,3.901030641660546,2007
559,Movie_559,Action,2.9466757656988114,1991
560,Movie_560,Drama,4.493692952326642,1993
561,Movie_561,Action,4.602807456045034,2019
562,Movie_562,Action,2.6868837074938217,2022
563,Movie_563,Horror,2.1073111889402063,2007
564,Movie_564,Drama,3.369401314373449,2008
565,Movie_565,Drama,4.649453382466763,2017
566,Movie_566,Drama,1.8426487560226663,2009
567,Movie_567,Comedy,3.491866334253931,2022
568,Movie_568,Horror,3.526240880370082,2001
569,Movie_569,Drama,3.932452089661124,2004
570,Movie_570,Comedy,1.5262707405090392,1991
571,Movie_571,Sci-Fi,3.8632998587283542,2018
572,Movie_572,Sci-Fi,4.636130082662564,1999
573,Movie_573,Comedy,1.7187324354809679,1991
574,Movie_574,Comedy,1.9501732996955106,2000
575,Movie_575,Horror,4.885580376166558,2002
576,Movie_576,Horror,1.723907810837959,1999
577,Movie_577,Sci-Fi,4.4175403734783165,2003
578,Movie_578,Drama,2.969111425792139,2007
579,Movie_579,Sci-Fi,1.9889242976127082,1998
580,Movie_580,Drama,4.482999605090045,2017
581,Movie_581,Drama,2.781221020010662,1992
582,Movie_582,Horror,3.0592694157187608,2009
583,Movie_583,Action,2.4369334775990628,1995
584,Movie_584,Action,3.3718034057397097,2016
585,Movie_585,Comedy,1.654095490340091,1991
586,Movie_586,Horror,2.564326146607043,2018
587,Movie_587,Drama,4.87764928934115,1992
588,Movie_588,Action,2.03253373080451,2005
589,Movie_589,Drama,3.626946658165169,2019
590,Movie_590,Action,2.3007602568987795,1991
591,Movie_591,Action,4.093892502746403,2006
592,Movie_592,Action,1.5234946428733993,2001
593,Movie_593,Horror,4.879284180314179,1990
594,Movie_594,Sci-Fi,2.815158165534557,2004
595,Movie_595,Drama,1.9442018533858558,2015
596,Movie_596,Horror,1.2939869893200506,2010
597,Movie_597,Horror,1.679031620350163,2020
598,Movie_598,Horror,3.0790957942240706,2014
599,Movie_599,Horror,2.348012705725145,2012
600,Movie_600,Horror,4.315533463530437,2013
601,Movie_601,Comedy,2.7235500946472238,2017
602,Movie_602,Drama,1.9948570903505196,2010
603,Movie_603,Horror,3.46857994641612,2007
604,Movie_604,Drama,3.8271088675417833,1998
605,Movie_605,Comedy,1.6681676316037994,2019
606,Movie_606,Comedy,1.6704768651532707,2023
607,Movie_607,Drama,1.1466857077341719,2021
608,Movie_608,Action,3.945608060262562,1992
609,Movie_609,Sci-Fi,3.6552181104872203,1992
610,Movie_610,Action,2.8985235029992555,2017
611,Movie_611,Action,4.376681795876788,2004
612,Movie_612,Action,4.222680611800213,2012
613,Movie_613,Horror,3.3414174575870086,2000
614,Movie_614,Comedy,4.4730851220530345,2021
615,Movie_615,Action,1.823364840147073,2022
616,Movie_616,Comedy,1.4476784775909115,2013
617,Movie_617,Drama,2.0789984460679585,2023
618,Movie_618,Sci-Fi,1.2283474243572594,2017
619,Movie_619,Drama,3.124678112004128,1996
620,Movie_620,Drama,4.746422769179846,1993
621,Movie_621,Horror,1.1573741626740386,1990
622,Movie_622,Sci-Fi,1.4884396560401072,1990
623,Movie_623,Drama,2.808796113133741,2009
624,Movie_624,Drama,4.73550007011162,2008
625,Movie_625,Sci-Fi,2.264624419907002,2018
626,Movie_626,Sci-Fi,3.0289392347535697,1999
627,Movie_627,Drama,1.1662914362015684,2007
628,Movie_628,Sci-Fi,1.5933728038483554,2017
629,Movie_629,Drama,4.946520491835388,2020
630,Movie_630,Drama,4.860474785744183,2016
631,Movie_631,Horror,1.0197599237376385,2000
632,Movie_632,Action,4.807247141692956,1994
633,Movie_633,Drama,3.5564797512620014,1997
634,Movie_634,Comedy,4.4716731780800885,2023
635,Movie_635,Action,2.8189594225354364,2001
636,Movie_636,Action,3.062384114317001,1990
637,Movie_637,Action,2.9553863210276807,2020
638,Movie_638,Horror,3.6674570301844174,1993
639,Movie_639,Drama,1.5586050190252516,1994
640,Movie_640,Horror,1.1198943594907118,2019
641,Movie_641,Drama,2.2317197663647637,2013
642,Movie_642,Horror,3.818723050946587,1992
643,Movie_643,Horror,1.8074138084917934,2000
644,Movie_644,Comedy,3.6937297332996692,1993
645,Movie_645,Horror,4.879648184429081,2015
646,Movie_646,Sci-Fi,1.3756028631576735,2016
647,Movie_647,Comedy,3.690408472900505,2016
648,Movie_648,Horror,2.7750008772182846,1995
649,Movie_649,Action,4.472569017510022,2004
650,Movie_650,Sci-Fi,1.7085991577895436,2019
651,Movie_651,Sci-Fi,3.770503808904658,2012
652,Movie_652,Sci-Fi,4.35246115859244,1995
653,Movie_653,Comedy,4.778456877896093,1993
654,Movie_654,Horror,3.7329921131585833,2007
655,Movie_655,Horror,2.9886990560337092,1998
656,Movie_656,Action,3.4713889608048554,2018
657,Movie_657,Action,4.475619937914873,2002
658,Movie_658,Sci-Fi,3.2824389865553187,2006
659,Movie_659,Action,1.1215482387873474,2021
660,Movie_660,Comedy,4.723794782027911,2011
661,Movie_661,Horror,3.7581070041262445,1993
662,Movie_662,Sci-Fi,3.706053543108986,1994
663,Movie_663,Action,1.8627006095908687,2002
664,Movie_664,Comedy,3.635541880930629,2023
665,Movie_665,Comedy,2.575457622616634,2011
666,Movie_666,Action,3.6049319081659683,2012
667,Movie_667,Horror,1.4263721212319629,1992
668,Movie_668,Action,3.631381218412144,2023
669,Movie_669,Sci-Fi,4.997654903082666,2021
670,Movie_670,Action,1.1928481554422241,2010
671,Movie_671,Comedy,4.908696736885269,2010
672,Movie_672,Action,2.6276318428914824,2000
673,Movie_673,Horror,4.483013801349037,1993
674,Movie_674,Drama,4.129541936233094,1990
675,Movie_675,Action,3.268065043946671,2017
676,Movie_676,Horror,3.953796837005306,2013
677,Movie_677,Horror,4.514062245205391,2002
678,Movie_678,Comedy,2.616561286604132,2023
679,Movie_679,Horror,2.308132646252955,2000
680,Movie_680,Horror,3.670373542254339,2006
681,Movie_681,Horror,4.231383767765035,2007
682,Movie_682,Horror,4.049140539106463,2011
683,Movie_683,Sci-Fi,4.191254595434538,2013
684,Movie_684,Sci-Fi,2.742333259251732,2008
685,Movie_685,Comedy,4.2713368647000864,2010
686,Movie_686,Action,1.4808362214824338,1997
687,Movie_687,Horror,3.177956391843398,2017
688,Movie_688,Action,1.0230346419924863,1994
689,Movie_689,Action,2.298343319601081,2006
690,Movie_690,Comedy,2.4658461394855915,2008
691,Movie_691,Horror,2.5846907664370216,2016
692,Movie_692,Horror,3.7818688267594487,2023
693,Movie_693,Drama,2.554232405081383,2000
694,Movie_694,Action,2.7947744904901226,2001
695,Movie_695,Action,1.9501765234973099,2010
696,Movie_696,Sci-Fi,2.4930071665173603,2000
697,Movie_697,Drama,1.909078509052606,2017
698,Movie_698,Sci-Fi,1.2927836950737746,1994
699,Movie_699,Sci-Fi,3.4137943735255116,2006
700,Movie_700,Sci-Fi,3.672851194220065,2009
701,Movie_701,Comedy,3.477961384038458,2001
702,Movie_702,Comedy,2.8539761752022894,1995
703,Movie_703,Sci-Fi,2.5191431207169193,2006
704,Movie_704,Drama,4.4533345982873005,2008
705,Movie_705,Action,3.076327140544872,2015
706,Movie_706,Drama,2.916727510518924,2021
707,Movie_707,Horror,1.1025682632257428,1995
708,Movie_708,Comedy,2.3649913105046254,2000
709,Movie_709,Action,2.5207824751434282,2022
710,Movie_710,Action,2.595291123587602,2013
711,Movie_711,Horror,3.320689476909329,2012
712,Movie_712,Horror,3.134410186907514,2004
713,Movie_713,Sci-Fi,3.4316203711737785,2016
714,Movie_714,Comedy,4.059533046168513,2000
715,Movie_715,Comedy,4.251942954864374,2006
716,Movie_716,Drama,3.8724923049059776,2003
717,Movie_717,Sci-Fi,4.822094783819739,2016
718,Movie_718,Sci-Fi,1.0729303307054465,2007
719,Movie_719,Sci-Fi,1.7831119427341844,2017
720,Movie_720,Sci-Fi,1.0302514999125685,1993
721,Movie_721,Comedy,3.589898856618412,1996
722,Movie_722,Comedy,4.592122195799948,1998
723,Movie_723,Sci-Fi,1.973929186305197,1997
724,Movie_724,Drama,4.708138179185227,2006
725,Movie_725,Action,1.2410695611582434,2006
726,Movie_726,Action,4.737744107222057,2022
727,Movie_727,Drama,2.4064907489585377,2021
728,Movie_728,Sci-Fi,1.405683313796866,1997
729,Movie_729,Comedy,2.9434870367453025,2008
730,Movie_730,Action,2.0271062708820318,1992
731,Movie_731,Horror,2.1394916078476913,1994
732,Movie_732,Horror,2.2291598597051463,2002
733,Movie_733,Drama,4.212103591330654,2020
734,Movie_734,Sci-Fi,3.156645106701018,2005
735,Movie_735,Action,2.2452307966240146,2021
736,Movie_736,Sci-Fi,3.4413351332436735,2011
737,Movie_737,Action,3.8646026968927742,2018
738,Movie_738,Drama,2.090496002934135,2011
739,Movie_739,Drama,2.654196406101406,1992
740,Movie_740,Horror,1.4875443733477902,1999
741,Movie_741,Sci-Fi,1.7245973981387213,2010
742,Movie_742,Horror,3.7244714158599312,2005
743,Movie_743,Sci-Fi,1.7257533907825078,2001
744,Movie_744,Horror,3.1006535346682407,1991
745,Movie_745,Comedy,3.8361850468897307,2013
746,Movie_746,Comedy,1.4275076923789753,2019
747,Movie_747,Comedy,3.269248878515614,2019
748,Movie_748,Comedy,2.026251134805455,2008
749,Movie_749,Action,4.851707500950319,1997
750,Movie_750,Comedy,2.934182586879699,2015
751,Movie_751,Drama,4.223970199100632,1996
752,Movie_752,Drama,3.200906168625047,2019
753,Movie_753,Action,1.1736501314192767,1996
754,Movie_754,Comedy,3.5326055023760894,1992
755,Movie_755,Comedy,4.805613368826628,1990
756,Movie_756,Comedy,3.4064472805853248,2014
757,Movie_757,Horror,4.276755437707161,1990
758,Movie_758,Sci-Fi,4.536825853393632,2004
759,Movie_759,Horror,1.91231908779573,2002
760,Movie_760,Sci-Fi,1.8481793596329066,1997
761,Movie_761,Comedy,3.443923955403967,1994
762,Movie_762,Comedy,2.644113879226819,1998
763,Movie_763,Horror,4.359445211466881,1990
764,Movie_764,Horror,4.600092493592045,1991
765,Movie_765,Sci-Fi,2.4136855172108724,2012
766,Movie_766,Drama,1.9474822358979282,1998
767,Movie_767,Sci-Fi,4.122102060975447,2023
768,Movie_768,Horror,2.0992241421925444,2003
769,Movie_769,Horror,4.290457274054713,1993
770,Movie_770,Action,2.6949530145950513,2019
771,Movie_771,Horror,3.670199597165882,2020
772,Movie_772,Action,1.3821412553386727,2000
773,Movie_773,Drama,3.495437298706292,1997
774,Movie_774,Sci-Fi,2.8070707149489165,1992
775,Movie_775,Sci-Fi,3.3464338527018964,2003
776,Movie_776,Action,1.6720568309794537,2002
777,Movie_777,Sci-Fi,3.9474949797767285,2021
778,Movie_778,Horror,4.451188310172914,2023
779,Movie_779,Comedy,1.8669592003631026,2008
780,Movie_780,Action,1.382858222080647,2005
781,Movie_781,Sci-Fi,1.0945543441853456,1991
782,Movie_782,Action,3.567886001773064,2006
783,Movie_783,Action,3.428376144355123,2023
784,Movie_784,Comedy,3.18678965085628,2005
785,Movie_785,Horror,1.9277883844639017,1991
786,Movie_786,Action,2.5636239836220587,1991
787,Movie_787,Sci-Fi,3.377905340744692,2015
788,Movie_788,Drama,2.9870674354366775,2002
789,Movie_789,Action,4.951142080859549,2020
790,Movie_790,Action,1.5457590102269325,2023
791,Movie_791,Comedy,3.780578216190375,1992
792,Movie_792,Horror,2.6172750724171685,1997
793,Movie_793,Drama,2.712798459702459,2012
794,Movie_794,Sci-Fi,3.870391062632705,2003
795,Movie_795,Drama,3.7697446052974786,2016
796,Movie_796,Sci-Fi,4.965023974808753,2018
797,Movie_797,Horror,1.513577157816501,1990
798,Movie_798,Sci-Fi,1.4164385975366653,2006
799,Movie_799,Comedy,3.8973552685149646,2019
800,Movie_800,Comedy,3.3135476680256364,2002
801,Movie_801,Comedy,2.0966426662392235,2010
802,Movie_802,Comedy,1.3176774759559464,2008
803,Movie_803,Drama,1.3426329983857221,2008
804,Movie_804,Horror,4.576763498656473,2014
805,Movie_805,Sci-Fi,1.7674692988749716,2011
806,Movie_806,Sci-Fi,2.293486248462083,2020
807,Movie_807,Comedy,1.906625608907952,2006
808,Movie_808,Comedy,2.4199852233277492,2012
809,Movie_809,Action,1.2776953709843735,2021
810,Movie_810,Horror,3.0762391636330815,1999
811,Movie_811,Drama,1.2704502543688596,1999
812,Movie_812,Sci-Fi,4.201426031289446,1997
813,Movie_813,Action,1.934848327641732,2009
814,Movie_814,Action,3.1600476584180424,2021
815,Movie_815,Sci-Fi,4.5203163502458334,2003
816,Movie_816,Drama,3.6035094761887767,2017
817,Movie_817,Action,3.131831146205341,2013
818,Movie_818,Action,2.2973350124615024,2004
819,Movie_819,Horror,2.3320076522327917,2011
820,Movie_820,Drama,3.6779478207927605,2019
821,Movie_821,Action,4.97655744488467,1993
822,Movie_822,Drama,3.6473567593975145,2002
823,Movie_823,Sci-Fi,3.2311336694800996,2012
824,Movie_824,Comedy,3.9226020409569844,1997
825,Movie_825,Action,2.8608224491348726,2007
826,Movie_826,Horror,1.2405693704031409,2001
827,Movie_827,Sci-Fi,3.2491872635116392,2020
828,Movie_828,Drama,4.830501138021521,2003
829,Movie_829,Sci-Fi,1.7012117694306386,2023
830,Movie_830,Action,3.760019563282663,2007
831,Movie_831,Drama,1.803734754636226,2023
832,Movie_832,Comedy,3.143310737892325,2000
833,Movie_833,Sci-Fi,1.3867057985868785,2001
834,Movie_834,Action,2.8014837450327406,2004
835,Movie_835,Horror,4.024653315580984,2020
836,Movie_836,Drama,2.3902860969559283,2018
837,Movie_837,Sci-Fi,3.659646897948872,2015
838,Movie_838,Sci-Fi,4.181799843158917,2007
839,Movie_839,Comedy,4.708711277917811,2021
840,Movie_840,Comedy,1.9385683274218142,2011
841,Movie_841,Horror,2.5972636632372326,2006
842,Movie_842,Horror,1.6096640533216697,2012
843,Movie_843,Action,4.969934008633501,2013
844,Movie_844,Action,4.708003871697182,1997
845,Movie_845,Horror,3.1598285211222383,1995
846,Movie_846,Horror,4.368133177505685,1994
847,Movie_847,Drama,3.0838319090881687,2018
848,Movie_848,Comedy,3.494342752011039,2017
849,Movie_849,Action,1.3564977284640665,2000
850,Movie_850,Comedy,4.021081681987232,1990
851,Movie_851,Comedy,1.5108539345409393,2008
852,Movie_852,Horror,4.304270521010114,1998
853,Movie_853,Drama,4.128112350681544,2016
854,Movie_854,Sci-Fi,3.8349787909719057,2023
855,Movie_855,Drama,1.1446415220990485,1993
856,Movie_856,Drama,2.2125134237813144,2007
857,Movie_857,Comedy,2.0524502796433715,2004
858,Movie_858,Drama,2.4405456298860764,2002
859,Movie_859,Action,1.3505709870553542,2008
860,Movie_860,Comedy,4.747831292124252,1995
861,Movie_861,Action,3.215208962849505,2001
862,Movie_862,Sci-Fi,2.222097242632094,2006
863,Movie_863,Comedy,2.5879260682971337,2012
864,Movie_864,Sci-Fi,2.7888101620193426,2015
865,Movie_865,Comedy,3.402377333442469,2018
866,Movie_866,Horror,3.062717710785991,2022
867,Movie_867,Drama,4.677567892857669,2016
868,Movie_868,Horror,2.987853931623321,2014
869,Movie_869,Sci-Fi,4.968632059293251,1999
870,Movie_870,Drama,4.405699830980383,2012
871,Movie_871,Comedy,1.8340420574293432,2010
872,Movie_872,Drama,4.722380858575665,2010
873,Movie_873,Action,1.4654655915419044,2002
874,Movie_874,Drama,4.269798833964766,2022
875,Movie_875,Action,2.5224931739063203,2013
876,Movie_876,Drama,4.5118972817802785,2000
877,Movie_877,Action,4.472226760429802,2006
878,Movie_878,Sci-Fi,4.223701600470484,1993
879,Movie_879,Horror,4.1601217452282455,2014
880,Movie_880,Comedy,2.218716556392163,2019
881,Movie_881,Drama,1.3236771322050087,1998
882,Movie_882,Horror,2.611920715060646,2010
883,Movie_883,Comedy,1.6940980599460347,2009
884,Movie_884,Comedy,3.779804355609847,2008
885,Movie_885,Action,2.384398906151142,2008
886,Movie_886,Sci-Fi,4.90244080343966,2001
887,Movie_887,Sci-Fi,3.563888309381328,2006
888,Movie_888,Horror,4.289922254537444,2017
889,Movie_889,Sci-Fi,1.5300986909673937,2007
890,Movie_890,Drama,4.44805792909049,2003
891,Movie_891,Sci-Fi,4.691028762053577,1996
892,Movie_892,Horror,2.9482476752757436,2002
893,Movie_893,Sci-Fi,3.4250117510039098,2007
894,Movie_894,Drama,4.059239203611982,2002
895,Movie_895,Action,1.6993545090416502,2020
896,Movie_896,Horror,3.0102643058537697,1991
897,Movie_897,Action,2.5946521110892524,2005
898,Movie_898,Action,1.5854959686489964,1998
899,Movie_899,Action,2.4701376891661257,1998
900,Movie_900,Comedy,1.2726892375419743,2000
901,Movie_901,Comedy,1.103247627797948,2011
902,Movie_902,Action,1.540665156619291,2022
903,Movie_903,Horror,4.852460446356695,2012
904,Movie_904,Drama,3.198118143580068,2023
905,Movie_905,Drama,4.863288644612879,1998
906,Movie_906,Sci-Fi,2.729991513320528,2013
907,Movie_907,Horror,2.2472645323410383,1997
908,Movie_908,Comedy,3.0245674513609764,1996
909,Movie_909,Action,2.7580467545316405,2007
910,Movie_910,Sci-Fi,1.4226587370469757,1992
911,Movie_911,Drama,3.563305258760825,2017
912,Movie_912,Comedy,1.8641527300383984,1995
913,Movie_913,Comedy,3.4783518195913183,2010
914,Movie_914,Action,3.6008043695926135,2017
915,Movie_915,Drama,1.6080994125145924,1990
916,Movie_916,Horror,1.2453985084426726,2010
917,Movie_917,Comedy,4.123046344273759,2002
918,Movie_918,Action,2.8392016950772807,1999
919,Movie_919,Horror,1.2326551820219032,1999
920,Movie_920,Drama,4.979465268679069,2002
921,Movie_921,Comedy,1.2311222439854665,2013
922,Movie_922,Horror,3.7801409154342127,1991
923,Movie_923,Horror,4.934715701053655,2011
924,Movie_924,Horror,1.9567204168637025,2006
925,Movie_925,Comedy,1.5689974747487847,2003
926,Movie_926,Comedy,1.4855397576897156,1999
927,Movie_927,Sci-Fi,2.213100590270382,2014
928,Movie_928,Drama,1.4041832440425868,1992
929,Movie_929,Action,3.7686453667765276,2006
930,Movie_930,Horror,1.2491671925202508,2001
931,Movie_931,Sci-Fi,3.037688512599159,2013
932,Movie_932,Action,4.986787415411907,2018
933,Movie_933,Sci-Fi,4.255881078024075,2014
934,Movie_934,Comedy,3.4608777529240435,2015
935,Movie_935,Horror,2.2250144831464467,1990
936,Movie_936,Action,3.495583345166554,2009
937,Movie_937,Action,3.1081658556466065,2017
938,Movie_938,Action,2.704333535561486,2005
939,Movie_939,Action,1.522841506960798,2006
940,Movie_940,Action,4.546416860961867,2017
941,Movie_941,Sci-Fi,2.79913859528529,2001
942,Movie_942,Horror,1.7784900472830603,2016
943,Movie_943,Comedy,2.4710374035091585,2019
944,Movie_944,Comedy,2.656519010115708,2023
945,Movie_945,Comedy,4.310151582267498,1995
946,Movie_946,Comedy,3.934457522245608,1996
947,Movie_947,Sci-Fi,4.077219574565359,2021
948,Movie_948,Drama,1.0441250577145889,2021
949,Movie_949,Horror,2.664615992719046,2014
950,Movie_950,Action,2.9253766065412945,2022
951,Movie_951,Drama,1.0767691072922267,1996
952,Movie_952,Comedy,2.039252834980137,2001
953,Movie_953,Drama,4.0411592924885404,2005
954,Movie_954,Horror,1.5484388229159962,2005
955,Movie_955,Action,3.1412405258103666,2002
956,Movie_956,Action,1.86080748806895,1996
957,Movie_957,Horror,1.048483098575573,1998
958,Movie_958,Horror,1.964805830398166,2021
959,Movie_959,Comedy,4.903495019640215,2000
960,Movie_960,Action,4.206148447531959,1997
961,Movie_961,Drama,4.838306577284134,2022
962,Movie_962,Sci-Fi,2.95141617570545,2012
963,Movie_963,Sci-Fi,1.438944794710014,2014
964,Movie_964,Horror,3.191837955894772,1997
965,Movie_965,Comedy,2.8175093382398435,2011
966,Movie_966,Sci-Fi,4.377428330958464,1993
967,Movie_967,Action,1.3923303231369784,1992
968,Movie_968,Horror,2.9529645480871127,2018
969,Movie_969,Drama,1.600194658775937,2018
970,Movie_970,Horror,2.29870370756024,2023
971,Movie_971,Drama,3.9494283095511986,2023
972,Movie_972,Horror,2.904072517475066,2017
973,Movie_973,Horror,2.5035531405830773,2002
974,Movie_974,Horror,2.5779051142801412,2004
975,Movie_975,Drama,2.8377870736239466,2012
976,Movie_976,Drama,4.1400661753482275,2015
977,Movie_977,Horror,4.568338755760937,1993
978,Movie_978,Sci-Fi,4.821338746015713,2015
979,Movie_979,Comedy,4.14761354502118,1998
980,Movie_980,Comedy,2.261627582992051,1994
981,Movie_981,Comedy,3.7525388243461686,2021
982,Movie_982,Drama,2.7504124962215677,2009
983,Movie_983,Drama,2.0186824881842047,2000
984,Movie_984,Sci-Fi,4.363486317703691,2004
985,Movie_985,Comedy,1.1537053958493,2021
986,Movie_986,Comedy,4.6070479685416945,2017
987,Movie_987,Horror,2.8459098584989366,2011
988,Movie_988,Drama,3.5488059072331217,2006
989,Movie_989,Comedy,3.637415688823131,2015
990,Movie_990,Sci-Fi,4.580470962826146,1996
991,Movie_991,Sci-Fi,3.5466787286688293,2015
992,Movie_992,Comedy,3.455734339040247,2014
993,Movie_993,Drama,1.2666081622427598,1999
994,Movie_994,Sci-Fi,3.0736320877808163,2008
995,Movie_995,Horror,1.6006760032681666,2000
996,Movie_996,Sci-Fi,3.9497350748859423,2002
997,Movie_997,Action,3.048887683250698,1997
998,Movie_998,Action,3.7209111168334132,1993
999,Movie_999,Drama,1.166691602409537,2020
1000,Movie_1000,Comedy,1.3391680641832129,2017
